,nose,left_eye,right_eye,left_ear,right_ear,left_shoulder,right_shoulder,left_elbow,right_elbow,left_wrist,right_wrist,left_hip,right_hip,left_knee,right_knee,left_ankle,right_ankle,face_center,face_width,chin,face_height
0,"(0.23003119, 0.5322727, 0.493753)","(0.21908653, 0.54717183, 0.70028836)","(0.21176855, 0.52065605, 0.6333302)","(0.23309988, 0.555371, 0.6480572)","(0.22022055, 0.49636695, 0.5146771)","(0.3185482, 0.57292384, 0.8244554)","(0.2955659, 0.45943636, 0.7806337)","(0.40899032, 0.59934723, 0.45652372)","(0.4115528, 0.46042264, 0.5649715)","(0.5021797, 0.5987105, 0.43454105)","(0.50158405, 0.47913766, 0.44609725)","(0.5013945, 0.5676305, 0.8182001)","(0.4996229, 0.49981618, 0.7986319)","(0.68568176, 0.5296862, 0.8532804)","(0.6984221, 0.49014366, 0.88951445)","(0.83762765, 0.5164819, 0.57119334)","(0.8945432, 0.46818465, 0.6828846)","(0.22666021436452866, 0.5258689671754837, 0.581367164850235)",0.060393325984478,"(0.2813817660013835, 0.5215442975362142, 0.699614018201828)",0.10491863444409878
1,"(0.2302098, 0.5332015, 0.49190283)","(0.21973398, 0.54730606, 0.73176223)","(0.21191457, 0.5211019, 0.6434704)","(0.23404294, 0.5551501, 0.67578346)","(0.22037719, 0.4961512, 0.51828045)","(0.31828034, 0.5729298, 0.80304176)","(0.29595363, 0.45893157, 0.7812941)","(0.40759695, 0.6001959, 0.42969322)","(0.41075122, 0.4598028, 0.52812576)","(0.5035711, 0.60003155, 0.39215934)","(0.50571316, 0.47968706, 0.46784392)","(0.50192916, 0.56999046, 0.8209654)","(0.50016093, 0.5015479, 0.82129616)","(0.6865387, 0.5308348, 0.8327588)","(0.7000084, 0.49064928, 0.8889092)","(0.83740234, 0.51686984, 0.57629174)","(0.8958688, 0.46806818, 0.6622757)","(0.22721006721258163, 0.5256506502628326, 0.5970319509506226)",0.060560885816812515,"(0.28148125608762103, 0.5216876268386841, 0.6920795639355978)",0.10509675712301145
2,"(0.22943066, 0.53344476, 0.48168966)","(0.21876721, 0.5477326, 0.72606057)","(0.2116342, 0.52082354, 0.6274566)","(0.2329421, 0.55609167, 0.64820075)","(0.22060452, 0.49585506, 0.52003175)","(0.3174181, 0.5753167, 0.8021728)","(0.2968716, 0.45831543, 0.7780163)","(0.41083524, 0.59811455, 0.4255805)","(0.41202566, 0.45852003, 0.5008174)","(0.50219184, 0.6033087, 0.4164483)","(0.5018836, 0.47475487, 0.48013923)","(0.5004312, 0.57036245, 0.81857425)","(0.4984946, 0.5009788, 0.7989087)","(0.68639225, 0.5318732, 0.8460912)","(0.698665, 0.49291444, 0.8880793)","(0.83775944, 0.5166648, 0.5780419)","(0.8961694, 0.46825975, 0.6638343)","(0.22677331417798996, 0.5259733647108078, 0.5841162502765656)",0.0614871047437191,"(0.2812401205301285, 0.5223589738210043, 0.6872929235299429)",0.10596442501775986
3,"(0.22915155, 0.5347768, 0.4630922)","(0.21819876, 0.5479872, 0.7187117)","(0.21176903, 0.5212475, 0.62016726)","(0.2309194, 0.5550803, 0.5929124)","(0.22061202, 0.49491316, 0.4995754)","(0.31689897, 0.575727, 0.78744876)","(0.29793823, 0.45673358, 0.757633)","(0.41180357, 0.5946334, 0.41309613)","(0.41332036, 0.4584361, 0.5180005)","(0.50144863, 0.6016007, 0.45311975)","(0.50298303, 0.4738104, 0.4908375)","(0.5005664, 0.5687376, 0.81798935)","(0.49916005, 0.49987686, 0.7910652)","(0.68547964, 0.5317464, 0.8523841)","(0.69898844, 0.4941033, 0.8812561)","(0.8372602, 0.5171896, 0.58423084)","(0.8966888, 0.46843928, 0.6590165)","(0.22576571255922318, 0.5249967277050018, 0.546243891119957)",0.061043642461299896,"(0.2813295821348826, 0.5224124590555826, 0.6693913141886393)",0.10724596871010302
4,"(0.23019394, 0.53419256, 0.35078794)","(0.21812014, 0.5474903, 0.6679635)","(0.21229026, 0.5213628, 0.6020716)","(0.22898647, 0.5533028, 0.5278325)","(0.22072415, 0.49386472, 0.51365715)","(0.31905085, 0.5717475, 0.6860725)","(0.29978967, 0.45611364, 0.76305944)","(0.4150624, 0.5912487, 0.3928836)","(0.41483116, 0.45704907, 0.56061935)","(0.5019038, 0.6025241, 0.46248847)","(0.50245035, 0.46954343, 0.4984392)","(0.5011588, 0.5683449, 0.81737316)","(0.5001159, 0.49890372, 0.7851139)","(0.6860189, 0.5311294, 0.83835447)","(0.6995771, 0.49410737, 0.878095)","(0.83764803, 0.51689625, 0.5933268)","(0.896881, 0.4684041, 0.6685779)","(0.22485531121492386, 0.5235837697982788, 0.5207448303699493)",0.06000962108373642,"(0.28301148613293964, 0.520684560139974, 0.5999733010927836)",0.10903502193926763
5,"(0.22836338, 0.53467166, 0.43401113)","(0.21729194, 0.54663324, 0.61355036)","(0.21141522, 0.5205181, 0.57081056)","(0.22804755, 0.5519875, 0.49888563)","(0.21867803, 0.49398088, 0.5981401)","(0.31898534, 0.5696877, 0.6927589)","(0.3009715, 0.45527256, 0.7462106)","(0.41545194, 0.5883084, 0.38450757)","(0.41725275, 0.45733768, 0.5745666)","(0.50212073, 0.5992217, 0.43801382)","(0.5043919, 0.47509834, 0.48863608)","(0.50142926, 0.56639934, 0.8144927)","(0.5001906, 0.497253, 0.77406776)","(0.68616664, 0.52986014, 0.8408741)","(0.6979034, 0.49536824, 0.8632386)","(0.83599466, 0.51645124, 0.59632057)","(0.89548326, 0.4694942, 0.6596122)","(0.2233627885580063, 0.5229842066764832, 0.548512876033783)",0.05875847488641739,"(0.28277341028054553, 0.5198773145675659, 0.6243268748124441)",0.112770992637961
6,"(0.22700545, 0.5313474, 0.4830656)","(0.21593216, 0.54483044, 0.55365556)","(0.20998, 0.51824147, 0.51236635)","(0.22904, 0.5512025, 0.6167474)","(0.21722303, 0.49304628, 0.6151005)","(0.3184282, 0.56945, 0.69882774)","(0.29964352, 0.4542751, 0.7203853)","(0.41148174, 0.591023, 0.3958821)","(0.41552097, 0.457234, 0.5919657)","(0.5023478, 0.59913236, 0.42394614)","(0.5025892, 0.47790074, 0.48009238)","(0.5009221, 0.56576705, 0.81439596)","(0.49991614, 0.4961966, 0.755727)","(0.6862223, 0.5284127, 0.8351077)","(0.69791955, 0.49568063, 0.85782254)","(0.8357456, 0.5157927, 0.5888846)","(0.8956291, 0.4703207, 0.64090073)","(0.22313151508569717, 0.5221243798732758, 0.6159239411354065)",0.059344615787267685,"(0.28169238567352295, 0.5183575054009756, 0.6340928872426351)",0.11241704371069956
7,"(0.22680233, 0.52886015, 0.48124745)","(0.21535382, 0.5432971, 0.54603124)","(0.20969479, 0.51593286, 0.44273618)","(0.22946791, 0.55118793, 0.6152009)","(0.21808301, 0.49155748, 0.60504234)","(0.31888965, 0.56878054, 0.68161625)","(0.29848915, 0.454025, 0.6925424)","(0.4130585, 0.5905044, 0.37493676)","(0.41427147, 0.4575112, 0.60752434)","(0.50281453, 0.59810054, 0.3758741)","(0.5040449, 0.47750783, 0.50024855)","(0.49965113, 0.5646268, 0.81402)","(0.49908602, 0.49537012, 0.72874534)","(0.68501484, 0.52833366, 0.8413998)","(0.69703174, 0.49154085, 0.70742345)","(0.8355093, 0.51532626, 0.57809365)","(0.89303744, 0.47289604, 0.6406611)","(0.2237754613161087, 0.5213727056980133, 0.6101216077804565)",0.06070755422115326,"(0.2813937117656072, 0.5172218978404999, 0.6184686919053396)",0.1116363284982283
8,"(0.22547048, 0.5288603, 0.5029964)","(0.21409184, 0.5427566, 0.5306625)","(0.20847818, 0.51545936, 0.414501)","(0.2276969, 0.5501807, 0.66338664)","(0.21617132, 0.49080843, 0.5819818)","(0.317252, 0.56762266, 0.7162549)","(0.2948076, 0.4538903, 0.6654643)","(0.4117607, 0.5904087, 0.38202554)","(0.4103366, 0.45604432, 0.6123663)","(0.40926677, 0.6290539, 0.2657705)","(0.50307226, 0.47701308, 0.52145064)","(0.49804276, 0.5639719, 0.79987097)","(0.4972599, 0.49584508, 0.7082093)","(0.6856842, 0.5291047, 0.84013724)","(0.69786066, 0.49493966, 0.59604585)","(0.83583784, 0.5147643, 0.567817)","(0.8974916, 0.46895012, 0.7873442)","(0.22193410992622375, 0.5204945504665375, 0.6226842105388641)",0.060480594635009766,"(0.27917670210202533, 0.5167910754680634, 0.6282385190327963)",0.11009129698417912
9,"(0.22522199, 0.5276631, 0.49130908)","(0.21362966, 0.5417778, 0.4671266)","(0.20840588, 0.5141891, 0.39353475)","(0.22731987, 0.55013704, 0.6771247)","(0.21622169, 0.4901752, 0.60670733)","(0.31674632, 0.56756145, 0.7321055)","(0.29382, 0.45358157, 0.65202975)","(0.41194767, 0.5900597, 0.37075424)","(0.40995917, 0.45640272, 0.6205629)","(0.5035003, 0.5981737, 0.3434087)","(0.5043881, 0.47723645, 0.54221845)","(0.49849927, 0.56376386, 0.8013272)","(0.49718532, 0.49605137, 0.70333886)","(0.6863999, 0.52925813, 0.837249)","(0.6985633, 0.4946997, 0.5856125)","(0.83626956, 0.5150117, 0.5614907)","(0.894221, 0.4715718, 0.64803314)","(0.221770778298378, 0.5201561152935028, 0.6419160068035126)",0.06098027154803276,"(0.27859610319137573, 0.5162687102953593, 0.6251481076081594)",0.10915361977959781
10,"(0.22462909, 0.5294093, 0.49628192)","(0.21307471, 0.54319024, 0.4850618)","(0.20772277, 0.5159322, 0.43634525)","(0.22629985, 0.550265, 0.6889725)","(0.21501009, 0.49090788, 0.59780157)","(0.31657815, 0.5667631, 0.7280589)","(0.29319447, 0.45334572, 0.65115666)","(0.41155332, 0.58972555, 0.3722855)","(0.41033208, 0.4570539, 0.62858933)","(0.38460296, 0.6356882, 0.39196202)","(0.5036695, 0.4800757, 0.4628806)","(0.49862248, 0.5630242, 0.80041975)","(0.49731395, 0.49546516, 0.6979927)","(0.68634117, 0.5295314, 0.835817)","(0.6986429, 0.4946105, 0.59054554)","(0.8368918, 0.51490074, 0.5627825)","(0.89343756, 0.47118998, 0.65737176)","(0.22065497189760208, 0.5205864459276199, 0.6433870196342468)",0.060421258211135864,"(0.2781339039405187, 0.51650603612264, 0.6251658201217651)",0.11007741168188416
11,"(0.22367224, 0.5302282, 0.5373498)","(0.21215825, 0.54379725, 0.5007999)","(0.20716177, 0.51672065, 0.4253137)","(0.22543547, 0.5502452, 0.7019046)","(0.2148178, 0.49143538, 0.58991325)","(0.3165104, 0.56667024, 0.721282)","(0.29267758, 0.45366752, 0.65453005)","(0.41612244, 0.5850718, 0.37975568)","(0.4095319, 0.45901912, 0.6058364)","(0.50228876, 0.5974478, 0.36485493)","(0.50305504, 0.47852266, 0.4622872)","(0.4969954, 0.5620686, 0.8099334)","(0.49578708, 0.49375173, 0.6779798)","(0.6866188, 0.5302795, 0.8334532)","(0.6986892, 0.49460107, 0.5845192)","(0.837577, 0.5148741, 0.5685945)","(0.89389724, 0.47028804, 0.6648197)","(0.22012663632631302, 0.5208403021097183, 0.645908921957016)",0.05976063013076782,"(0.2776200771331787, 0.5168553193410238, 0.6377206246058146)",0.11116119644314489
12,"(0.2224987, 0.5338446, 0.56232136)","(0.21086213, 0.54644847, 0.48954403)","(0.2063562, 0.5197953, 0.46491265)","(0.2239447, 0.5507591, 0.72509205)","(0.21505028, 0.49330053, 0.59101474)","(0.3179012, 0.56711465, 0.67916495)","(0.2920429, 0.45596898, 0.71248025)","(0.41926694, 0.5809863, 0.41303205)","(0.41132432, 0.46072835, 0.59221023)","(0.50323063, 0.59678006, 0.39732635)","(0.5041609, 0.479128, 0.4583629)","(0.49640727, 0.5610555, 0.7996019)","(0.4955822, 0.4941717, 0.6897352)","(0.68716264, 0.52966744, 0.82465017)","(0.698606, 0.49480146, 0.5941104)","(0.83852303, 0.514421, 0.5631849)","(0.8943116, 0.46955943, 0.67457896)","(0.21949748694896698, 0.5220298022031784, 0.6580533981323242)",0.05814288929104805,"(0.2774809350570043, 0.518976072470347, 0.6513221859931946)",0.11391433603300935
13,"(0.22161321, 0.5318031, 0.629329)","(0.20916264, 0.5442898, 0.3939993)","(0.20498902, 0.51601017, 0.6167947)","(0.22204094, 0.5493106, 0.73399997)","(0.21524507, 0.49050337, 0.6141923)","(0.3169741, 0.56630117, 0.7082114)","(0.2945883, 0.45625886, 0.7269455)","(0.4178898, 0.57956386, 0.3809845)","(0.4154368, 0.46092534, 0.6264607)","(0.5026251, 0.5951181, 0.39728466)","(0.50743073, 0.47320473, 0.6322282)","(0.4972332, 0.5610416, 0.7999482)","(0.4963809, 0.49460694, 0.68693936)","(0.68691516, 0.5293182, 0.82490706)","(0.6982745, 0.49479908, 0.58588666)","(0.838065, 0.51478285, 0.57032883)","(0.89346015, 0.4689514, 0.7022345)","(0.21864300221204758, 0.5199069976806641, 0.6740961372852325)",0.05919862166047096,"(0.2777252048254013, 0.5181210339069366, 0.6881619890530905)",0.11551196876785634
14,"(0.21672395, 0.5287569, 0.6675741)","(0.20312099, 0.5402122, 0.63357025)","(0.20248866, 0.51133716, 0.78565955)","(0.21673225, 0.5467788, 0.6618749)","(0.21639763, 0.48712498, 0.6354273)","(0.31326097, 0.5645999, 0.7485513)","(0.29466876, 0.45875514, 0.7574197)","(0.41391182, 0.583195, 0.39135137)","(0.42066988, 0.46596897, 0.58355176)","(0.5024331, 0.59442765, 0.38483584)","(0.5065695, 0.47431445, 0.49291486)","(0.49470633, 0.56066734, 0.8077694)","(0.4938324, 0.49502224, 0.7109619)","(0.68751025, 0.5279589, 0.80602443)","(0.69642484, 0.49516076, 0.84887725)","(0.8399212, 0.5137056, 0.7167069)","(0.89394945, 0.46964902, 0.6707458)","(0.21656493842601776, 0.5169518887996674, 0.6486510932445526)",0.059654757380485535,"(0.274884561697642, 0.5173706412315369, 0.7245150407155355)",0.11852939158340269
15,"(0.21495059, 0.52564615, 0.5944531)","(0.20064384, 0.5363599, 0.69038486)","(0.20264529, 0.50669223, 0.7638776)","(0.2128396, 0.54276335, 0.55883986)","(0.2199935, 0.4841218, 0.66927856)","(0.30928823, 0.56554043, 0.7451885)","(0.29307595, 0.4615737, 0.8051456)","(0.4130891, 0.57947713, 0.39489782)","(0.41614532, 0.46650526, 0.5904111)","(0.5017457, 0.59014904, 0.37241036)","(0.500345, 0.47878617, 0.46893373)","(0.49346483, 0.5661091, 0.7783115)","(0.4908174, 0.49681553, 0.814989)","(0.6875846, 0.5279685, 0.7998958)","(0.69652355, 0.4952367, 0.842121)","(0.84136933, 0.5126455, 0.71132296)","(0.89601845, 0.46883017, 0.6661081)","(0.21641655266284943, 0.5134425759315491, 0.6140592098236084)",0.059076305478811264,"(0.27243825793266296, 0.517586757739385, 0.7149290641148885)",0.11609970916974177
16,"(0.21488938, 0.5162898, 0.37946743)","(0.19852278, 0.5253984, 0.6555619)","(0.2018717, 0.4983067, 0.6273738)","(0.21189794, 0.53807205, 0.5772452)","(0.22073415, 0.479522, 0.62259793)","(0.30242214, 0.56033766, 0.67460936)","(0.28993762, 0.46260652, 0.7903108)","(0.40424848, 0.5803265, 0.36264688)","(0.4157326, 0.465072, 0.61130005)","(0.50315934, 0.5867177, 0.3440659)","(0.5072451, 0.47596404, 0.5935569)","(0.49414262, 0.5659553, 0.7629895)","(0.49178708, 0.49849468, 0.8056383)","(0.6883504, 0.523046, 0.7531732)","(0.6987371, 0.49521506, 0.85287464)","(0.8403226, 0.5123647, 0.72204673)","(0.8984246, 0.46912047, 0.63588166)","(0.21631604433059692, 0.5087970197200775, 0.5999215543270111)",0.059213072061538696,"(0.26908304293950397, 0.5130779842535654, 0.6147958636283875)",0.10857751076495052
17,"(0.21336949, 0.50930136, 0.4466917)","(0.1979905, 0.51815295, 0.49720848)","(0.19995007, 0.4942473, 0.62379074)","(0.21120565, 0.5320986, 0.61614794)","(0.21797904, 0.47696477, 0.48444346)","(0.29581082, 0.56182903, 0.63019294)","(0.28358692, 0.46448886, 0.72429806)","(0.39010462, 0.57956284, 0.41878387)","(0.4076864, 0.46856055, 0.59420085)","(0.48916787, 0.5867333, 0.31007475)","(0.5044948, 0.47572684, 0.5638207)","(0.49275106, 0.5644002, 0.78037083)","(0.4899251, 0.4990108, 0.7992834)","(0.6857946, 0.5205535, 0.7347694)","(0.69711673, 0.4952038, 0.8315009)","(0.8395854, 0.51301336, 0.5440129)","(0.900107, 0.46469077, 0.7862234)","(0.214592345058918, 0.5045316815376282, 0.5502956956624985)",0.055548328906297684,"(0.2642557422320048, 0.5118730862935384, 0.6003942290941874)",0.10190239546286811
18,"(0.21371543, 0.5018703, 0.4747115)","(0.19974272, 0.51463604, 0.5995138)","(0.2015203, 0.48907065, 0.56536466)","(0.2141829, 0.52417326, 0.5711663)","(0.21981972, 0.4756927, 0.69563526)","(0.29468793, 0.55583996, 0.5899737)","(0.2884699, 0.46346056, 0.7425648)","(0.38755608, 0.57798547, 0.39001277)","(0.41086036, 0.46861386, 0.67860126)","(0.48938555, 0.58622944, 0.2895018)","(0.50516784, 0.47668463, 0.57772815)","(0.49473107, 0.56301576, 0.78449607)","(0.4918073, 0.49993944, 0.77962327)","(0.68518746, 0.5211364, 0.73143744)","(0.69790936, 0.49765474, 0.8016795)","(0.83897066, 0.5132753, 0.5434733)","(0.89996934, 0.4648758, 0.77721393)","(0.217001311480999, 0.4999329745769501, 0.6334007680416107)",0.04880716651678085,"(0.26562442382176715, 0.5070569316546122, 0.6024166643619537)",0.10433493429484884
19,"(0.21453121, 0.50302464, 0.5283403)","(0.19966611, 0.5145652, 0.58827525)","(0.2028288, 0.48825595, 0.655476)","(0.21301588, 0.5234512, 0.59309727)","(0.22155218, 0.4741602, 0.71152914)","(0.2929321, 0.5547198, 0.6449766)","(0.28686485, 0.46512514, 0.7198144)","(0.39384717, 0.5728698, 0.39331722)","(0.41009733, 0.47062582, 0.6275393)","(0.4904982, 0.58800554, 0.29357156)","(0.5022541, 0.47972363, 0.50148237)","(0.4960205, 0.5629086, 0.77302283)","(0.49270248, 0.50051373, 0.7613865)","(0.6836797, 0.5200136, 0.70037436)","(0.6999463, 0.49896854, 0.567885)","(0.83842707, 0.5132868, 0.5353071)","(0.9001044, 0.46548778, 0.7679526)","(0.21728403121232986, 0.4988057017326355, 0.6523132026195526)",0.050024718046188354,"(0.2647760510444641, 0.5076231956481934, 0.6310437719027201)",0.10090967209918442
20,"(0.21730112, 0.49784905, 0.4650888)","(0.19907998, 0.5062405, 0.61536705)","(0.20686817, 0.47957823, 0.59264725)","(0.2108463, 0.5195958, 0.5114902)","(0.22588116, 0.4690141, 0.6497686)","(0.28981516, 0.5539446, 0.68891275)","(0.28788033, 0.46608585, 0.74196655)","(0.393771, 0.5674938, 0.37466168)","(0.4154929, 0.46980882, 0.66584647)","(0.5034361, 0.5890463, 0.34744722)","(0.50742894, 0.4725859, 0.5337814)","(0.49696168, 0.56288505, 0.7685822)","(0.4944569, 0.49937198, 0.7718635)","(0.68175983, 0.521735, 0.71556735)","(0.69906175, 0.49972558, 0.5976601)","(0.83703554, 0.5137284, 0.5388206)","(0.9010476, 0.46607822, 0.76963764)","(0.21836373209953308, 0.49430495500564575, 0.5806294083595276)",0.052768878638744354,"(0.2649988681077957, 0.5059598286946615, 0.6319893697897593)",0.09676487773349841
21,"(0.21622738, 0.5007068, 0.49471098)","(0.20097458, 0.5103112, 0.61001295)","(0.20475048, 0.48544598, 0.57165635)","(0.21562175, 0.51999986, 0.5460609)","(0.22396713, 0.47125638, 0.6855669)","(0.2899581, 0.545663, 0.62476057)","(0.28631732, 0.47036123, 0.674724)","(0.3905993, 0.5598061, 0.3929544)","(0.41631466, 0.47707003, 0.56787145)","(0.5006073, 0.58671916, 0.35016614)","(0.507505, 0.47955853, 0.4544068)","(0.50018585, 0.56024003, 0.7825959)","(0.49732906, 0.4993559, 0.70355433)","(0.68366575, 0.5183345, 0.717363)","(0.7003932, 0.5006229, 0.62714076)","(0.8377175, 0.5140877, 0.5231153)","(0.9017, 0.46461284, 0.7992469)","(0.21979444473981857, 0.49562811851501465, 0.6158139109611511)",0.049452733248472214,"(0.26416759689648944, 0.505577007929484, 0.598065177599589)",0.09637392112598114
22,"(0.221157, 0.50097346, 0.49920943)","(0.204564, 0.5106889, 0.57817435)","(0.21025005, 0.48840782, 0.48739016)","(0.21805063, 0.5191509, 0.5473533)","(0.22738253, 0.47074664, 0.62661606)","(0.2870359, 0.54136217, 0.5714007)","(0.2884123, 0.4738296, 0.6491314)","(0.39218077, 0.5569821, 0.37050104)","(0.4178807, 0.48392373, 0.5837457)","(0.49103054, 0.58904153, 0.27747232)","(0.50773776, 0.4850553, 0.41736475)","(0.50161195, 0.55817163, 0.7603794)","(0.49978048, 0.5007798, 0.73560935)","(0.68312645, 0.51613414, 0.6896468)","(0.7004227, 0.5017236, 0.6291809)","(0.83591264, 0.51520205, 0.49083918)","(0.90276754, 0.46413514, 0.79081273)","(0.2227165773510933, 0.49494877457618713, 0.5869846940040588)",0.04929562285542488,"(0.26553507149219513, 0.5053884088993073, 0.5732471843560537)",0.08919428285021086
23,"(0.21928321, 0.49965167, 0.50673276)","(0.20371428, 0.50842, 0.590409)","(0.20891337, 0.48711058, 0.4933534)","(0.21766244, 0.5170214, 0.48504305)","(0.22792023, 0.46857473, 0.6173911)","(0.28836265, 0.53992283, 0.5205134)","(0.28857946, 0.47346422, 0.6581783)","(0.40243217, 0.5560093, 0.3699441)","(0.4208549, 0.4848925, 0.66495323)","(0.49128422, 0.5878178, 0.24735874)","(0.5094602, 0.49129316, 0.39176315)","(0.50270057, 0.5576078, 0.7552891)","(0.5010302, 0.50086784, 0.748217)","(0.6866712, 0.513142, 0.6483638)","(0.7024921, 0.50048935, 0.59214616)","(0.84000516, 0.5125639, 0.5043781)","(0.9026462, 0.46481463, 0.79040825)","(0.22279133647680283, 0.4927980750799179, 0.5512170791625977)",0.049520738422870636,"(0.2654084414243698, 0.5043462415536245, 0.561808168888092)",0.09272704315546937
24,"(0.2168058, 0.4962572, 0.4540445)","(0.20191771, 0.5045217, 0.5727324)","(0.20624986, 0.48401135, 0.43994322)","(0.21715872, 0.51539505, 0.47152075)","(0.22568826, 0.4657182, 0.5685106)","(0.29340714, 0.5413125, 0.6111975)","(0.28990498, 0.47022176, 0.6457951)","(0.40491593, 0.5567013, 0.35535866)","(0.4209506, 0.4919418, 0.6425462)","(0.50620294, 0.58579695, 0.31233263)","(0.50299275, 0.48975548, 0.40342164)","(0.5036022, 0.5593054, 0.7318398)","(0.50134844, 0.5012306, 0.7596445)","(0.6896961, 0.51251, 0.60148954)","(0.70368576, 0.49998495, 0.55608064)","(0.84069455, 0.51334035, 0.52879953)","(0.90411735, 0.46485576, 0.8082533)","(0.22142349183559418, 0.49055662751197815, 0.5200156718492508)",0.05040378123521805,"(0.2667059749364853, 0.5025971531867981, 0.5703456898530325)",0.10060263543340556
25,"(0.21284346, 0.49556416, 0.4390872)","(0.19894096, 0.5019294, 0.5440421)","(0.20271248, 0.47989118, 0.48391128)","(0.21336149, 0.5110931, 0.53935087)","(0.22317754, 0.4630434, 0.5481825)","(0.29115152, 0.5378643, 0.57601327)","(0.28850287, 0.4699361, 0.6542713)","(0.40434644, 0.5582143, 0.37152824)","(0.41627407, 0.49557862, 0.5909221)","(0.50667536, 0.58462507, 0.29206067)","(0.50414103, 0.48807734, 0.40011984)","(0.5013362, 0.55835736, 0.7488749)","(0.4990521, 0.5010165, 0.73354346)","(0.6873647, 0.5143266, 0.6955198)","(0.7019892, 0.5016882, 0.5921803)","(0.8405718, 0.5136848, 0.5336023)","(0.9035296, 0.46390414, 0.8158361)","(0.21826951205730438, 0.487068235874176, 0.5437666773796082)",0.049042098224163055,"(0.2641659528017044, 0.5011215309302012, 0.5564572612444559)",0.10324499636741424
26,"(0.21040502, 0.49645263, 0.40585396)","(0.19730532, 0.5012259, 0.5354926)","(0.20117736, 0.4811872, 0.4975208)","(0.21264516, 0.5077213, 0.51762426)","(0.22265756, 0.4630009, 0.56614774)","(0.2901797, 0.5366742, 0.5483194)","(0.28689352, 0.4728217, 0.6341139)","(0.40307888, 0.5563718, 0.3706059)","(0.41601896, 0.49365234, 0.5801001)","(0.50784934, 0.5839174, 0.27151597)","(0.50487965, 0.4828094, 0.4461581)","(0.5016275, 0.5571884, 0.7478384)","(0.4990545, 0.50276095, 0.744151)","(0.68637127, 0.5195674, 0.73816776)","(0.70294905, 0.5048332, 0.5756078)","(0.83800954, 0.5147727, 0.5368974)","(0.90329933, 0.4638737, 0.80024076)","(0.2176513597369194, 0.48536109924316406, 0.5418860018253326)",0.04582753777503967,"(0.26249274611473083, 0.501982847849528, 0.5294290880362192)",0.10476095317467586
27,"(0.20890492, 0.49626574, 0.36311018)","(0.19576716, 0.50017285, 0.519437)","(0.20096642, 0.4793313, 0.45869872)","(0.21200216, 0.5083418, 0.52025676)","(0.22387445, 0.46245962, 0.56128734)","(0.293028, 0.53900826, 0.62352896)","(0.29003277, 0.47137296, 0.6800014)","(0.40887105, 0.5592294, 0.40285617)","(0.41850305, 0.4926266, 0.61820084)","(0.50780773, 0.5824892, 0.2588578)","(0.5062161, 0.4772317, 0.46504664)","(0.4995178, 0.5590613, 0.7584646)","(0.49834794, 0.50300753, 0.7540692)","(0.6901774, 0.5196509, 0.7228308)","(0.70583344, 0.50460833, 0.54103625)","(0.83917284, 0.5139978, 0.53278786)","(0.90532637, 0.46575582, 0.78648686)","(0.21793830394744873, 0.4854007065296173, 0.5407720506191254)",0.04739329591393471,"(0.26398856441179913, 0.5022156536579132, 0.5555468400319418)",0.11080810696767072
28,"(0.21049073, 0.497737, 0.38515308)","(0.19646274, 0.5013784, 0.55690205)","(0.2024918, 0.47953886, 0.47313058)","(0.21214858, 0.50891024, 0.5250592)","(0.2261223, 0.4630662, 0.5497738)","(0.29653242, 0.541777, 0.67802995)","(0.29128575, 0.47033358, 0.7210008)","(0.40863967, 0.56398404, 0.4010948)","(0.4199887, 0.49359939, 0.627054)","(0.50829154, 0.5834044, 0.2572831)","(0.5081108, 0.48338962, 0.44583306)","(0.49945968, 0.56095624, 0.7548313)","(0.49819016, 0.5020323, 0.7606213)","(0.6905913, 0.51850694, 0.6874104)","(0.70658517, 0.5044031, 0.5131286)","(0.83831257, 0.5132859, 0.53226376)","(0.9060446, 0.4681096, 0.7883643)","(0.21913544088602066, 0.48598821461200714, 0.5374165177345276)",0.04792642220854759,"(0.26610296964645386, 0.5032825271288554, 0.5947279433409373)",0.11177609402777708
29,"(0.21129625, 0.49666628, 0.3986054)","(0.19692658, 0.50077677, 0.5280592)","(0.20333096, 0.4778992, 0.4551021)","(0.21382217, 0.50976163, 0.5844821)","(0.22758687, 0.46252328, 0.50857925)","(0.29978848, 0.5408809, 0.69038165)","(0.2915917, 0.47047466, 0.73927844)","(0.404594, 0.56561553, 0.38278633)","(0.42142302, 0.4928218, 0.6136331)","(0.50561595, 0.5835221, 0.2806733)","(0.5088377, 0.48567063, 0.37350702)","(0.5010577, 0.56126225, 0.73686874)","(0.5000001, 0.5012438, 0.74601305)","(0.6934849, 0.52069485, 0.6840672)","(0.7044589, 0.5045785, 0.7380255)","(0.8407198, 0.51338077, 0.5324179)","(0.90576875, 0.4691877, 0.79449093)","(0.22070451825857162, 0.48614245653152466, 0.5465306639671326)",0.04920293390750885,"(0.26755880812803906, 0.5026739537715912, 0.6094218293825785)",0.1131648014813491
30,"(0.21430849, 0.49584836, 0.409415)","(0.1989095, 0.50056094, 0.5234897)","(0.2050995, 0.47711083, 0.4477913)","(0.21503179, 0.51053655, 0.6018716)","(0.22693555, 0.46167868, 0.5281901)","(0.29886913, 0.538985, 0.6521468)","(0.29220635, 0.4707219, 0.73430073)","(0.40561152, 0.56474936, 0.39806092)","(0.42030105, 0.48938656, 0.62350726)","(0.506907, 0.58562124, 0.26348525)","(0.50455236, 0.49064156, 0.41870782)","(0.50055534, 0.5614021, 0.7433535)","(0.49950585, 0.50306195, 0.73887444)","(0.693853, 0.5223525, 0.7122119)","(0.7051729, 0.5051835, 0.742728)","(0.84033835, 0.5136231, 0.5404938)","(0.9038376, 0.46995527, 0.7857998)","(0.22098366916179657, 0.48610761761665344, 0.5650308430194855)",0.05028708279132843,"(0.26846132179101306, 0.501851757367452, 0.5986208518346151)",0.10896917909661318
31,"(0.21532562, 0.49628136, 0.43580854)","(0.1997376, 0.5017793, 0.52190137)","(0.206444, 0.48127127, 0.4581265)","(0.21533582, 0.5115015, 0.6069014)","(0.22690812, 0.46262908, 0.5360244)","(0.29927406, 0.53950596, 0.65684605)","(0.29252803, 0.47095352, 0.73545)","(0.40852016, 0.56620073, 0.3795319)","(0.42122066, 0.49148148, 0.604699)","(0.4935206, 0.59080446, 0.2020953)","(0.5080364, 0.49626312, 0.40969998)","(0.50315344, 0.5614682, 0.718538)","(0.5009601, 0.50428253, 0.76197493)","(0.693997, 0.5217008, 0.7022143)","(0.7048513, 0.5066161, 0.7555165)","(0.84049773, 0.5128044, 0.5314104)","(0.90099084, 0.47051662, 0.7791743)","(0.22112196683883667, 0.48706528544425964, 0.5714628994464874)",0.050223805010318756,"(0.2690425713857015, 0.5022469460964203, 0.6093682050704956)",0.10809437974218783
32,"(0.21796644, 0.49342963, 0.39803788)","(0.20164238, 0.5000898, 0.4897045)","(0.20806897, 0.4785039, 0.46420246)","(0.21663156, 0.51194483, 0.6105498)","(0.22660147, 0.4615488, 0.51659745)","(0.29730943, 0.5391562, 0.6263743)","(0.2928793, 0.46885258, 0.70768976)","(0.40885374, 0.5611245, 0.38229075)","(0.42241025, 0.49258143, 0.6293104)","(0.5058403, 0.5870143, 0.26724374)","(0.51599836, 0.50885344, 0.2513075)","(0.50426745, 0.56040215, 0.7020955)","(0.5028751, 0.5035683, 0.7814607)","(0.69358486, 0.51980054, 0.69164413)","(0.7055346, 0.5065733, 0.75282)","(0.84002066, 0.5132845, 0.53547937)","(0.89995277, 0.47066078, 0.77811337)","(0.22161651402711868, 0.48674681782722473, 0.5635736286640167)",0.05137273669242859,"(0.2693850596745809, 0.5004794696966807, 0.5773673156897227)",0.1037993246323151
33,"(0.21638963, 0.49398372, 0.40550685)","(0.20035407, 0.5000823, 0.49759352)","(0.20725898, 0.47835478, 0.4511704)","(0.21532476, 0.5124866, 0.59183294)","(0.22726884, 0.4615671, 0.52439606)","(0.296587, 0.54103816, 0.64616)","(0.29295713, 0.4706893, 0.71597344)","(0.40606412, 0.56317866, 0.37250337)","(0.4221643, 0.4926824, 0.6141015)","(0.4913116, 0.59100765, 0.22959962)","(0.5082547, 0.4975857, 0.3820748)","(0.5039604, 0.5614591, 0.70747054)","(0.50217485, 0.503642, 0.7727212)","(0.6926564, 0.5197493, 0.7045174)","(0.703278, 0.5062056, 0.76043683)","(0.8404729, 0.51327384, 0.53366613)","(0.89939547, 0.470594, 0.779505)","(0.22129680216312408, 0.4870268404483795, 0.5581144988536835)",0.052301567047834396,"(0.26864458123842877, 0.5019037226835886, 0.5892134308815002)",0.10570348771520144
34,"(0.21718971, 0.49369165, 0.39005226)","(0.20054865, 0.4991436, 0.49061942)","(0.2087342, 0.47725543, 0.46299803)","(0.21548472, 0.5124002, 0.604091)","(0.22803204, 0.46239182, 0.5487112)","(0.29763082, 0.5435569, 0.67585415)","(0.2930932, 0.47128117, 0.71781373)","(0.40676066, 0.56465757, 0.36726084)","(0.42135912, 0.49016064, 0.6272323)","(0.49170268, 0.5902295, 0.22823805)","(0.51016176, 0.49839622, 0.3973769)","(0.5040179, 0.5624456, 0.70055664)","(0.50240004, 0.5036956, 0.7789843)","(0.69353235, 0.5193583, 0.69241875)","(0.7043807, 0.50578356, 0.7638358)","(0.8411147, 0.5129944, 0.5296713)","(0.89995515, 0.47079206, 0.78020275)","(0.2217583805322647, 0.4873960167169571, 0.5764010846614838)",0.05155844986438751,"(0.2693045785029729, 0.5028432508309683, 0.5945733785629272)",0.10582458716580966
35,"(0.21696965, 0.493802, 0.395855)","(0.20060217, 0.4997122, 0.5045474)","(0.20786029, 0.47816285, 0.46200892)","(0.21596569, 0.5128189, 0.5996504)","(0.22688416, 0.46232307, 0.51075524)","(0.29883814, 0.5428348, 0.6877271)","(0.293534, 0.46923953, 0.72079533)","(0.40985143, 0.5623045, 0.3699954)","(0.42031354, 0.49153513, 0.60838836)","(0.5050814, 0.58735895, 0.30607912)","(0.50916183, 0.50146836, 0.38029197)","(0.50349826, 0.5623322, 0.7021309)","(0.5014413, 0.5032122, 0.76438063)","(0.69392395, 0.5203467, 0.68207896)","(0.7051267, 0.50371903, 0.7381905)","(0.841464, 0.5129606, 0.5310307)","(0.9016733, 0.46994925, 0.7962892)","(0.2214249223470688, 0.48757097125053406, 0.5552028119564056)",0.05166274309158325,"(0.26978060106436413, 0.5019587874412537, 0.6014591455459595)",0.10687430253027079
36,"(0.21593347, 0.4943286, 0.40209574)","(0.19965874, 0.49942848, 0.5096005)","(0.20703176, 0.47844836, 0.44932014)","(0.21554598, 0.511908, 0.60368496)","(0.22673987, 0.4624314, 0.5024709)","(0.29917514, 0.5441346, 0.69249856)","(0.2960975, 0.4691863, 0.7468496)","(0.41227227, 0.5633001, 0.39722502)","(0.41979584, 0.4909993, 0.59837246)","(0.50636446, 0.58797514, 0.31681034)","(0.5076463, 0.4991845, 0.43665084)","(0.50315505, 0.5627796, 0.69354373)","(0.5009106, 0.5040276, 0.75772214)","(0.69540656, 0.5207774, 0.6713695)","(0.706424, 0.5032413, 0.72580594)","(0.8414792, 0.5128077, 0.539577)","(0.90182495, 0.4699709, 0.7938603)","(0.22114292532205582, 0.48716969788074493, 0.5530779361724854)",0.050727080553770065,"(0.2704020341237386, 0.5025498370329539, 0.61381463209788)",0.11017101615841593
37,"(0.21738057, 0.4953733, 0.411076)","(0.20001146, 0.50017804, 0.5440262)","(0.20910774, 0.4792529, 0.46021885)","(0.21533547, 0.5128696, 0.6151148)","(0.2279621, 0.46314698, 0.531069)","(0.3001717, 0.5448017, 0.7008954)","(0.29789287, 0.4696716, 0.7740216)","(0.41433388, 0.5623908, 0.39305732)","(0.42016387, 0.48905635, 0.6230485)","(0.5164731, 0.58738816, 0.39516944)","(0.5050543, 0.50011384, 0.4638418)","(0.50230527, 0.5637815, 0.6898214)","(0.5012969, 0.5032285, 0.72309077)","(0.69577503, 0.5224447, 0.6974696)","(0.70571184, 0.50375855, 0.74312294)","(0.8423225, 0.51265544, 0.5412295)","(0.9014393, 0.47002804, 0.7957392)","(0.22164878994226456, 0.4880082905292511, 0.5730918943881989)",0.0513007789850235,"(0.2718150466680527, 0.5032822092374166, 0.6286643544832865)",0.11001205632657211
38,"(0.21737133, 0.4952616, 0.40858442)","(0.19994482, 0.5001621, 0.55708843)","(0.20907399, 0.47895795, 0.45332423)","(0.21536833, 0.51284117, 0.61968416)","(0.22794983, 0.4626796, 0.52383816)","(0.30093697, 0.5454701, 0.71990675)","(0.29743195, 0.46775806, 0.7777312)","(0.41346022, 0.5647878, 0.39813164)","(0.41938066, 0.48940158, 0.57979745)","(0.51755, 0.5887197, 0.39364657)","(0.502253, 0.49870235, 0.46263355)","(0.5016838, 0.564005, 0.6995374)","(0.5004528, 0.50239146, 0.7367803)","(0.69596994, 0.5236368, 0.70545846)","(0.7055733, 0.5044314, 0.7497704)","(0.8419256, 0.5125582, 0.5382706)","(0.901428, 0.46990737, 0.8010617)","(0.2216590791940689, 0.48776037991046906, 0.5717611610889435)",0.05171534791588783,"(0.271913414200147, 0.502829929192861, 0.6354074478149414)",0.11012935026723099
39,"(0.21632807, 0.49556276, 0.4263056)","(0.19955379, 0.5007063, 0.55711025)","(0.20741731, 0.4799579, 0.4549313)","(0.21536243, 0.51240826, 0.6162942)","(0.22695068, 0.4626698, 0.5060263)","(0.3007343, 0.54482627, 0.71990037)","(0.29594153, 0.4668942, 0.764138)","(0.41371453, 0.5654226, 0.38671553)","(0.4199513, 0.49019605, 0.57058346)","(0.51798606, 0.5880169, 0.3872417)","(0.50147104, 0.495898, 0.44034952)","(0.50189036, 0.56330734, 0.7105777)","(0.5006939, 0.502171, 0.7399827)","(0.69641244, 0.5260103, 0.72157437)","(0.7065334, 0.50550175, 0.74999344)","(0.8410921, 0.51317334, 0.5507451)","(0.90062755, 0.46927607, 0.8095548)","(0.2211565524339676, 0.48753902316093445, 0.5611602663993835)",0.05107056349515915,"(0.27100130418936413, 0.502427746852239, 0.6367813150087992)",0.11020509245432972
40,"(0.2160815, 0.4963138, 0.43224373)","(0.19949703, 0.50126976, 0.5735355)","(0.20732805, 0.4811115, 0.458799)","(0.21547338, 0.5117847, 0.6177405)","(0.22708945, 0.46325812, 0.51084924)","(0.30142552, 0.54483676, 0.72759223)","(0.29593113, 0.4674912, 0.76924455)","(0.41179663, 0.564855, 0.38030374)","(0.42009145, 0.49108183, 0.5817844)","(0.5071664, 0.58952045, 0.3064928)","(0.50437725, 0.49190056, 0.4784218)","(0.5018932, 0.56360203, 0.7078525)","(0.5006929, 0.5031922, 0.7412654)","(0.6956012, 0.52673316, 0.73757446)","(0.7057059, 0.5067289, 0.7544988)","(0.8409762, 0.513654, 0.5522706)","(0.9009492, 0.46935713, 0.80904686)","(0.22128141671419144, 0.4875213950872421, 0.5642948746681213)",0.04989749193191528,"(0.2711460491021474, 0.50288059314092, 0.6430268386999766)",0.11090946214248731
41,"(0.21603832, 0.4960962, 0.43099582)","(0.19936034, 0.5014381, 0.58132565)","(0.20711845, 0.48064446, 0.45176607)","(0.21519022, 0.51288176, 0.6100461)","(0.22728217, 0.462604, 0.5133937)","(0.30195713, 0.5452433, 0.7292934)","(0.29428816, 0.46763152, 0.7548969)","(0.40945253, 0.5688402, 0.26185438)","(0.42094132, 0.4924696, 0.5638701)","(0.52197397, 0.58871186, 0.33850652)","(0.50559723, 0.48991677, 0.472997)","(0.5024706, 0.56344146, 0.7026474)","(0.50115323, 0.50333375, 0.7366383)","(0.694801, 0.5266248, 0.739369)","(0.70471114, 0.50760627, 0.75385535)","(0.8404693, 0.5139004, 0.55208474)","(0.9011946, 0.470061, 0.8062587)","(0.2212361916899681, 0.4877428710460663, 0.5617198944091797)",0.05171140655875206,"(0.27076120177904767, 0.5029903451601664, 0.638395369052887)",0.11031089697136558
42,"(0.21789178, 0.4972999, 0.45694986)","(0.20101896, 0.50362396, 0.60922074)","(0.20885515, 0.4815793, 0.49165803)","(0.21707428, 0.51600677, 0.5403415)","(0.2273877, 0.46321702, 0.517229)","(0.3043539, 0.5479592, 0.75282025)","(0.29417723, 0.4650354, 0.7513971)","(0.42282438, 0.56534106, 0.4656003)","(0.42118186, 0.49210328, 0.53749484)","(0.5223561, 0.58950716, 0.3728745)","(0.50990516, 0.49026406, 0.49596104)","(0.50172234, 0.56421924, 0.699568)","(0.5004369, 0.5028815, 0.7450045)","(0.694045, 0.5274687, 0.7481047)","(0.7036223, 0.5076882, 0.7480782)","(0.84023607, 0.5131854, 0.5511718)","(0.9010607, 0.47049627, 0.8096602)","(0.22223098576068878, 0.4896118938922882, 0.5287852585315704)",0.05378776788711548,"(0.2721409698327382, 0.5034315089384714, 0.6537223954995474)",0.10918920888811919
43,"(0.21864322, 0.49678862, 0.45082855)","(0.20162581, 0.5041597, 0.6393537)","(0.20911855, 0.48155367, 0.49253362)","(0.2180216, 0.5170233, 0.53988993)","(0.22898513, 0.46467096, 0.53590745)","(0.3057554, 0.5488083, 0.7542316)","(0.29197478, 0.46384138, 0.7317291)","(0.42418987, 0.56468666, 0.474819)","(0.4205436, 0.49260777, 0.52294004)","(0.52411264, 0.5896534, 0.35886598)","(0.50917345, 0.49025595, 0.4753192)","(0.5014656, 0.56355816, 0.70619154)","(0.50011116, 0.5015126, 0.7472785)","(0.6940114, 0.5273421, 0.7480823)","(0.7026968, 0.5072808, 0.7418402)","(0.84019655, 0.5131468, 0.5514249)","(0.9013971, 0.47078305, 0.8099733)","(0.22350336611270905, 0.4908471405506134, 0.5378986895084381)",0.05348803102970123,"(0.2721244692802429, 0.5031460920969645, 0.6455964048703512)",0.1077155819381785
44,"(0.21938825, 0.49493074, 0.40072387)","(0.20232324, 0.5025816, 0.63690126)","(0.21234503, 0.4781327, 0.5034993)","(0.21856342, 0.5179604, 0.548651)","(0.22945973, 0.46209753, 0.5248194)","(0.30937046, 0.55089116, 0.74082494)","(0.2957238, 0.46039778, 0.74264914)","(0.4284726, 0.56494653, 0.5422111)","(0.4239628, 0.49126464, 0.54106927)","(0.5292972, 0.5848895, 0.48484617)","(0.5107472, 0.48860568, 0.43676162)","(0.50165135, 0.5633496, 0.7017522)","(0.50025415, 0.5001849, 0.74140227)","(0.6963177, 0.52615523, 0.71324426)","(0.70345974, 0.5060506, 0.7271184)","(0.84127796, 0.51227915, 0.5438534)","(0.90146154, 0.47054815, 0.80885935)","(0.22401157766580582, 0.490028977394104, 0.5367351770401001)",0.05691567063331604,"(0.274827500184377, 0.5020732283592224, 0.6280659834543864)",0.11179491804975383
45,"(0.22342649, 0.49622807, 0.3889847)","(0.20314416, 0.5028319, 0.63733584)","(0.21370739, 0.47621104, 0.51456606)","(0.2167122, 0.51772946, 0.6334406)","(0.23145011, 0.46250033, 0.54551685)","(0.30948293, 0.5527351, 0.7470798)","(0.30021363, 0.4621225, 0.77112323)","(0.42664766, 0.5698186, 0.54609966)","(0.42475113, 0.49119216, 0.5990811)","(0.5236779, 0.5922158, 0.38927904)","(0.5132952, 0.49522159, 0.4352451)","(0.49901122, 0.564329, 0.72485113)","(0.4978958, 0.5007619, 0.77652466)","(0.69463277, 0.52699566, 0.7532307)","(0.70611787, 0.50583947, 0.51861686)","(0.84210753, 0.5114933, 0.5393012)","(0.9015023, 0.47099173, 0.8068236)","(0.2240811586380005, 0.49011489748954773, 0.5894787311553955)",0.05716172233223915,"(0.27770768602689105, 0.5036952197551727, 0.6357292433579763)",0.10958478855291783
46,"(0.22093478, 0.49637967, 0.4315665)","(0.20476997, 0.50429547, 0.6020653)","(0.21417718, 0.47682852, 0.5689945)","(0.21695638, 0.51846504, 0.6365601)","(0.2320423, 0.4631811, 0.5123111)","(0.31085104, 0.55319655, 0.7354347)","(0.3030402, 0.46023417, 0.7715064)","(0.4241537, 0.5725127, 0.4044788)","(0.42650494, 0.48987645, 0.59022653)","(0.51695514, 0.593683, 0.41962525)","(0.5177835, 0.5037138, 0.40883198)","(0.49839973, 0.5646986, 0.7278418)","(0.4983762, 0.5002478, 0.7607664)","(0.69525397, 0.5272712, 0.77197003)","(0.7021601, 0.5048946, 0.74444616)","(0.8419812, 0.5120243, 0.5431246)","(0.9005064, 0.47200176, 0.80068576)","(0.22449933737516403, 0.49082307517528534, 0.5744355916976929)",0.05730530992150307,"(0.27827534079551697, 0.5032701293627421, 0.6461692154407501)",0.11550616385523998
47,"(0.22369337, 0.49807382, 0.464758)","(0.20814288, 0.50756145, 0.57995254)","(0.21538368, 0.47934303, 0.62131476)","(0.21907955, 0.5218203, 0.61618155)","(0.2316873, 0.46596837, 0.57063603)","(0.31189924, 0.5576954, 0.6721724)","(0.30278552, 0.45985073, 0.77980936)","(0.42117092, 0.5770277, 0.40166804)","(0.423585, 0.47843784, 0.6053609)","(0.51373243, 0.59438175, 0.47175294)","(0.51275355, 0.5015973, 0.45559785)","(0.5014554, 0.5649389, 0.7949343)","(0.49967298, 0.5010704, 0.76660967)","(0.6973366, 0.52754915, 0.7561483)","(0.7036216, 0.50371146, 0.7415588)","(0.8410217, 0.5129295, 0.5572417)","(0.9000981, 0.47179914, 0.79718155)","(0.2253834307193756, 0.4938943386077881, 0.5934087932109833)",0.057257264852523804,"(0.2794593771298726, 0.5052066445350647, 0.6389132638772329)",0.11244064564903553
48,"(0.22788183, 0.49632132, 0.43679163)","(0.21284503, 0.5065903, 0.6553837)","(0.21744959, 0.47866282, 0.6791849)","(0.22421066, 0.5230397, 0.55259377)","(0.23378031, 0.4652973, 0.613613)","(0.31553325, 0.55546564, 0.6880857)","(0.30208457, 0.4618667, 0.80328345)","(0.4095759, 0.5895881, 0.3164066)","(0.4206602, 0.46998113, 0.6034455)","(0.5112648, 0.59330153, 0.40899858)","(0.50463325, 0.49867505, 0.44993502)","(0.50295115, 0.5684711, 0.801587)","(0.5005163, 0.50295746, 0.75786644)","(0.69527125, 0.5274749, 0.7809614)","(0.7022238, 0.50322527, 0.75439715)","(0.8411555, 0.5138806, 0.55616796)","(0.90002966, 0.47194123, 0.7960131)","(0.22899548709392548, 0.4941685050725937, 0.5831033885478973)",0.05853000283241272,"(0.281833216547966, 0.5045512219270071, 0.6427202522754669)",0.10915095905010201
49,"(0.23343259, 0.4958375, 0.45856714)","(0.21722172, 0.5093759, 0.8054458)","(0.21831566, 0.47905272, 0.62011814)","(0.2287749, 0.52584213, 0.5115773)","(0.23169778, 0.46310318, 0.51840055)","(0.31861502, 0.5515316, 0.6502328)","(0.30154473, 0.46026194, 0.7826872)","(0.42320585, 0.57671547, 0.45809788)","(0.42409492, 0.46918938, 0.6271284)","(0.5037484, 0.5962466, 0.3917161)","(0.50710785, 0.5045531, 0.33416703)","(0.50480556, 0.56874907, 0.81795746)","(0.50162625, 0.5055883, 0.790143)","(0.6928979, 0.521509, 0.74195284)","(0.7022411, 0.50043046, 0.7398154)","(0.8429472, 0.51364815, 0.54765874)","(0.8898875, 0.4841865, 0.42407823)","(0.23023634403944016, 0.4944726526737213, 0.5149889290332794)",0.06280700117349625,"(0.28453077872594196, 0.5025436878204346, 0.6304957071940104)",0.10307274360776829
50,"(0.23689562, 0.49569046, 0.5204278)","(0.22162211, 0.51124024, 0.8238516)","(0.2200201, 0.48066518, 0.6878529)","(0.232184, 0.5256121, 0.5707991)","(0.22996974, 0.46179995, 0.46499848)","(0.3133971, 0.54765856, 0.70905364)","(0.30106908, 0.4573862, 0.72790253)","(0.42685103, 0.56912327, 0.46033174)","(0.42809412, 0.4767447, 0.5819876)","(0.514465, 0.5951181, 0.4402429)","(0.5214324, 0.51536953, 0.2943626)","(0.5027833, 0.5690148, 0.80339944)","(0.5020138, 0.50718594, 0.7813214)","(0.6926309, 0.52345705, 0.7724074)","(0.7022125, 0.50008947, 0.7291338)","(0.8420136, 0.51497793, 0.56554824)","(0.9012322, 0.46910274, 0.8073177)","(0.23107686638832092, 0.49370603263378143, 0.5178987979888916)",0.06385056674480438,"(0.28378727038701373, 0.5002450744311014, 0.6524613300959269)",0.09422465210664922
51,"(0.23754537, 0.49610096, 0.407913)","(0.2244221, 0.5132266, 0.75984)","(0.22048524, 0.48249477, 0.7171049)","(0.23735285, 0.52679265, 0.6811817)","(0.22941071, 0.4628628, 0.45989364)","(0.3170319, 0.54536545, 0.733953)","(0.3025415, 0.4571503, 0.55000705)","(0.41856703, 0.59573925, 0.3066721)","(0.43282998, 0.46792504, 0.584637)","(0.5026617, 0.5997385, 0.3746199)","(0.5262388, 0.5083909, 0.30252403)","(0.5047451, 0.57786906, 0.7921425)","(0.5030664, 0.5123022, 0.7863083)","(0.6942567, 0.52185214, 0.76677847)","(0.70456374, 0.49946377, 0.7110042)","(0.8432462, 0.5158962, 0.5723941)","(0.90204, 0.47026747, 0.7966525)","(0.23338177800178528, 0.4948277175426483, 0.5705376863479614)",0.06442130357027054,"(0.2857062518596649, 0.49953890840212506, 0.5639576812585195)",0.09656686624661535
52,"(0.24084696, 0.49718067, 0.40303165)","(0.22900759, 0.51491785, 0.6317465)","(0.22372937, 0.48439366, 0.7311002)","(0.24196951, 0.52821285, 0.75778484)","(0.23110422, 0.46447194, 0.54223436)","(0.32040712, 0.54847634, 0.7607279)","(0.30575487, 0.45245147, 0.52987415)","(0.42204309, 0.58503103, 0.34726363)","(0.43405116, 0.46896762, 0.5595491)","(0.50757396, 0.598163, 0.3860895)","(0.52714455, 0.5142959, 0.39835477)","(0.5089841, 0.5750741, 0.7872707)","(0.5072531, 0.50954694, 0.78380644)","(0.695079, 0.5203412, 0.7682916)","(0.7043542, 0.49813232, 0.71220267)","(0.84549135, 0.5158038, 0.56854653)","(0.8935132, 0.48504528, 0.42025185)","(0.23653686791658401, 0.49634239077568054, 0.6500096023082733)",0.06466032564640045,"(0.2890029847621918, 0.49936949213345844, 0.5645445585250854)",0.09641148258952713
53,"(0.24110429, 0.49477792, 0.54826814)","(0.22933726, 0.5128145, 0.6634415)","(0.22298664, 0.48245916, 0.691823)","(0.24433708, 0.5271873, 0.7162721)","(0.23065072, 0.46442315, 0.5327869)","(0.32142162, 0.5480091, 0.7624756)","(0.30805314, 0.45045447, 0.500532)","(0.42443496, 0.58207524, 0.35629094)","(0.43667477, 0.4680813, 0.5913717)","(0.5173445, 0.59940886, 0.3734751)","(0.53020275, 0.5149868, 0.39120033)","(0.51048815, 0.57362396, 0.7948265)","(0.50914526, 0.5080793, 0.78353405)","(0.6968109, 0.51890147, 0.7584713)","(0.70612895, 0.49754474, 0.70218503)","(0.8454957, 0.5159235, 0.5752954)","(0.89332736, 0.48535126, 0.4114247)","(0.23749390244483948, 0.49580521881580353, 0.6245295107364655)",0.0642390325665474,"(0.2901930163304011, 0.49774716297785443, 0.6037585735321045)",0.09835689056012605
54,"(0.2389212, 0.49430805, 0.56916463)","(0.22764586, 0.51199543, 0.6978146)","(0.22072268, 0.48177665, 0.6833931)","(0.24377784, 0.5270621, 0.71704966)","(0.22944051, 0.4630539, 0.5145438)","(0.31895947, 0.5465596, 0.7532215)","(0.30928093, 0.45476744, 0.67170316)","(0.41064322, 0.5951127, 0.32712293)","(0.4371552, 0.46786055, 0.6081119)","(0.51185447, 0.59614897, 0.3275876)","(0.5298987, 0.5125787, 0.4162667)","(0.5095764, 0.57781976, 0.7984072)","(0.50888467, 0.5101997, 0.7910688)","(0.69702524, 0.51986104, 0.76940286)","(0.7072186, 0.49814472, 0.7007805)","(0.84548664, 0.51600385, 0.58034545)","(0.8931191, 0.4854942, 0.40953746)","(0.23660917580127716, 0.49505801498889923, 0.6157967150211334)",0.06559427827596664,"(0.28905386726061505, 0.4985450208187103, 0.6646964351336161)",0.10062279433785155
55,"(0.2370274, 0.49491686, 0.5700813)","(0.2256076, 0.5122332, 0.73362255)","(0.21906254, 0.48248312, 0.69194824)","(0.24199168, 0.5275944, 0.7308978)","(0.22912723, 0.46444958, 0.48040774)","(0.3163306, 0.5486028, 0.75681233)","(0.3125342, 0.4550768, 0.6915295)","(0.4210143, 0.5854401, 0.35788554)","(0.4370609, 0.46851534, 0.6141979)","(0.51318496, 0.5974344, 0.3518389)","(0.5291568, 0.51381916, 0.43836254)","(0.5048959, 0.57777685, 0.7738149)","(0.50511056, 0.51066613, 0.7825467)","(0.6953311, 0.5191299, 0.7473568)","(0.70476544, 0.49910957, 0.72092766)","(0.84519833, 0.51636076, 0.58043146)","(0.9031726, 0.4717157, 0.771199)","(0.23555945605039597, 0.49602198600769043, 0.6056527644395828)",0.06444191187620163,"(0.288630743821462, 0.49953216314315796, 0.6728077133496603)",0.10361863655161016
56,"(0.23781084, 0.49544567, 0.5744514)","(0.22541597, 0.5124519, 0.7603214)","(0.22014312, 0.4827329, 0.71195304)","(0.23993176, 0.5280824, 0.74912333)","(0.22927456, 0.46481252, 0.4933136)","(0.31474978, 0.55305076, 0.7745814)","(0.31236252, 0.45400208, 0.69234276)","(0.41538832, 0.59962624, 0.33589834)","(0.4371727, 0.46772942, 0.61945295)","(0.50833315, 0.59617686, 0.32812262)","(0.52754307, 0.5131546, 0.44394565)","(0.5058465, 0.57774866, 0.77718323)","(0.50500464, 0.5091295, 0.7949755)","(0.69349575, 0.5196675, 0.7307585)","(0.7033795, 0.49876222, 0.72066325)","(0.8452953, 0.51550996, 0.5642918)","(0.8910398, 0.48789057, 0.4410863)","(0.2346031591296196, 0.49644744396209717, 0.6212184727191925)",0.06416112929582596,"(0.28830771148204803, 0.5008328358332316, 0.6804585059483846)",0.10156684655388609
57,"(0.23683433, 0.49383157, 0.6144782)","(0.2237669, 0.5106456, 0.7727363)","(0.21943633, 0.48088583, 0.687295)","(0.23841374, 0.5273762, 0.7036609)","(0.22894637, 0.4647361, 0.4926057)","(0.31424335, 0.5556724, 0.7573451)","(0.3122036, 0.45296323, 0.70200264)","(0.42273343, 0.5880065, 0.3974601)","(0.43892813, 0.46895164, 0.6558446)","(0.51415026, 0.6006532, 0.39496708)","(0.52965343, 0.52354324, 0.4624238)","(0.5052186, 0.57604384, 0.77277315)","(0.5051397, 0.5084373, 0.79468125)","(0.6947235, 0.51968515, 0.7525009)","(0.70511407, 0.49829006, 0.7109257)","(0.84498215, 0.5157592, 0.56836224)","(0.896151, 0.47942325, 0.51469815)","(0.23368005454540253, 0.49605613946914673, 0.5981332957744598)",0.06335147470235825,"(0.2877604216337204, 0.5008224050203959, 0.6912752985954285)",0.1028073591837538
58,"(0.23616984, 0.49555025, 0.5537305)","(0.22333173, 0.51229656, 0.78360665)","(0.2179408, 0.48297915, 0.72732323)","(0.23733121, 0.52763796, 0.69197977)","(0.22693008, 0.4651341, 0.62631464)","(0.31551617, 0.55118155, 0.7475585)","(0.3094485, 0.45353693, 0.6601214)","(0.4118219, 0.59462935, 0.35486585)","(0.4348478, 0.46850237, 0.6295703)","(0.5122566, 0.5998117, 0.4184772)","(0.52959526, 0.51589745, 0.4211726)","(0.50126934, 0.57773966, 0.76930034)","(0.5020904, 0.50954354, 0.79292715)","(0.69287944, 0.5215228, 0.755663)","(0.7054898, 0.49960583, 0.7256504)","(0.84398234, 0.5160751, 0.5726729)","(0.9033414, 0.47136268, 0.77283525)","(0.23213064670562744, 0.4963860362768173, 0.6591472029685974)",0.06336335092782974,"(0.28704484303792316, 0.50008957584699, 0.6538034478823344)",0.1021542160290777
59,"(0.23564403, 0.49460852, 0.40520194)","(0.22356693, 0.5139129, 0.76777554)","(0.2169902, 0.4841336, 0.74232364)","(0.2386272, 0.52888304, 0.73973674)","(0.22589713, 0.46603405, 0.6594744)","(0.31662962, 0.5483898, 0.7289953)","(0.30776304, 0.45068413, 0.49127725)","(0.4117903, 0.5973072, 0.33714646)","(0.43644643, 0.4686578, 0.6326943)","(0.50496304, 0.5932592, 0.38225502)","(0.5311557, 0.5136569, 0.44360685)","(0.5023757, 0.5802556, 0.7535116)","(0.5026996, 0.511163, 0.7667695)","(0.69326675, 0.5199243, 0.7298527)","(0.7048113, 0.49972945, 0.7352865)","(0.845775, 0.51561874, 0.5684907)","(0.90351576, 0.4721732, 0.76113033)","(0.23226216435432434, 0.4974585473537445, 0.6996055543422699)",0.06412526220083237,"(0.28667889535427094, 0.49789414803187054, 0.5418248375256857)",0.10228104554803713
60,"(0.23603839, 0.49693677, 0.4718657)","(0.22498094, 0.5166094, 0.7194731)","(0.21686804, 0.4867415, 0.7562998)","(0.24107544, 0.5303095, 0.77600825)","(0.22515616, 0.46774334, 0.71211267)","(0.31694013, 0.5469559, 0.7129536)","(0.30867267, 0.45126146, 0.50601226)","(0.40874144, 0.595752, 0.31579596)","(0.4372403, 0.4669598, 0.62640405)","(0.50443745, 0.593848, 0.39255738)","(0.537199, 0.5026016, 0.4966399)","(0.50128865, 0.58059305, 0.7425733)","(0.5018541, 0.5133544, 0.78491664)","(0.6937544, 0.5207369, 0.7419183)","(0.7065272, 0.4995888, 0.7468768)","(0.84827346, 0.51458293, 0.56324977)","(0.9047417, 0.4703824, 0.76726305)","(0.2331157997250557, 0.49902641773223877, 0.7440604567527771)",0.06455964595079422,"(0.2872170607248942, 0.49838470419247943, 0.5636105338732401)",0.10239830429948729
61,"(0.23637733, 0.49848455, 0.517863)","(0.22520643, 0.5179861, 0.68905455)","(0.2177609, 0.48790842, 0.78465116)","(0.24063127, 0.53282833, 0.778984)","(0.22625808, 0.46878704, 0.70331883)","(0.31751576, 0.55004144, 0.69859684)","(0.31139255, 0.45090437, 0.52257955)","(0.4098172, 0.59474814, 0.33373135)","(0.43698764, 0.46740693, 0.6412956)","(0.50707567, 0.5976511, 0.43584284)","(0.5402377, 0.49389157, 0.5303732)","(0.503976, 0.5828006, 0.75835466)","(0.50392246, 0.51398647, 0.795703)","(0.6941259, 0.52498424, 0.76637036)","(0.7069723, 0.5000349, 0.75166297)","(0.8455035, 0.51580834, 0.588125)","(0.9036598, 0.47023082, 0.784492)","(0.2334446758031845, 0.5008076876401901, 0.7411514222621918)",0.06563439965248108,"(0.28842854499816895, 0.4998101194699605, 0.5796797871589661)",0.1041361849565715
62,"(0.23665927, 0.50123227, 0.5477979)","(0.22482422, 0.52030945, 0.6499419)","(0.21974236, 0.48928782, 0.80075586)","(0.23950371, 0.5361871, 0.7246686)","(0.22827129, 0.47013867, 0.50589705)","(0.31942052, 0.55164945, 0.67026305)","(0.31374055, 0.4542597, 0.62208194)","(0.41116512, 0.597172, 0.3296296)","(0.44128418, 0.46631783, 0.62029904)","(0.49621233, 0.595134, 0.4278357)","(0.54344213, 0.49981695, 0.5634426)","(0.49770838, 0.579548, 0.74260336)","(0.49888945, 0.5145981, 0.77281064)","(0.69229573, 0.52775896, 0.7839847)","(0.70446455, 0.5009221, 0.7800261)","(0.8433454, 0.5158852, 0.5718652)","(0.90301365, 0.47061834, 0.7785274)","(0.23388750106096268, 0.5031628906726837, 0.6152828335762024)",0.0669967457652092,"(0.28994011382261914, 0.5023804704348246, 0.6133809685707092)",0.1065864216000301
63,"(0.2372168, 0.49871892, 0.49433935)","(0.22581476, 0.5187446, 0.66820765)","(0.21890698, 0.4878111, 0.7621286)","(0.24117677, 0.53383386, 0.78102505)","(0.22698402, 0.46947557, 0.63283086)","(0.3143193, 0.5492909, 0.7317044)","(0.31620258, 0.45428738, 0.62770873)","(0.41594887, 0.59223664, 0.32747865)","(0.4465738, 0.46771094, 0.5857372)","(0.3681179, 0.618994, 0.4928651)","(0.5633633, 0.49724683, 0.56167287)","(0.50325364, 0.5755278, 0.7272064)","(0.5044143, 0.51178867, 0.8044509)","(0.69289196, 0.5305184, 0.80024165)","(0.7044225, 0.50609833, 0.7650233)","(0.8421199, 0.51498246, 0.5971148)","(0.9021725, 0.47146004, 0.78703415)","(0.23408039659261703, 0.501654714345932, 0.7069279551506042)",0.0659046620130539,"(0.28924623131752014, 0.500765730937322, 0.6179174979527792)",0.10413935129517597
64,"(0.23666398, 0.4981422, 0.4831141)","(0.22694276, 0.5188869, 0.63756716)","(0.21886808, 0.48810133, 0.7587224)","(0.2453396, 0.5349859, 0.73772573)","(0.22808778, 0.47176716, 0.45522916)","(0.31773674, 0.5473734, 0.74564844)","(0.3156609, 0.4602158, 0.6590906)","(0.42756778, 0.5830364, 0.36399347)","(0.44502646, 0.46832818, 0.5262997)","(0.37105593, 0.627132, 0.4958094)","(0.54825735, 0.4749082, 0.50261474)","(0.500404, 0.57085, 0.71964014)","(0.50129324, 0.51111794, 0.79073375)","(0.69163024, 0.5287268, 0.7797846)","(0.7021128, 0.5044135, 0.7672876)","(0.84467816, 0.5144001, 0.56598043)","(0.9056268, 0.4721976, 0.75228536)","(0.2367136925458908, 0.5033765286207199, 0.5964774489402771)",0.06553040444850922,"(0.29002054035663605, 0.5019104778766632, 0.6292843719323477)",0.10697891593389196
65,"(0.23552164, 0.50206304, 0.53526396)","(0.22647522, 0.52074474, 0.47490838)","(0.2184605, 0.4913069, 0.75670576)","(0.24589407, 0.5383209, 0.68222964)","(0.22914688, 0.4741398, 0.57979923)","(0.3199102, 0.55094695, 0.7984527)","(0.30648807, 0.4620882, 0.5902003)","(0.42807266, 0.5868396, 0.3705948)","(0.44284827, 0.46681535, 0.47597668)","(0.3714189, 0.6263442, 0.45171362)","(0.5345775, 0.4750054, 0.30961174)","(0.50030255, 0.56841594, 0.76592016)","(0.49924058, 0.50848347, 0.7750993)","(0.692521, 0.53198314, 0.76430345)","(0.701965, 0.505067, 0.77634275)","(0.84502524, 0.5146799, 0.587991)","(0.90604675, 0.47149634, 0.7769033)","(0.2375204786658287, 0.506230354309082, 0.6310144364833832)",0.06633009016513824,"(0.28730663657188416, 0.5050327281157175, 0.6413056453069051)",0.10374014633670761
66,"(0.23432629, 0.50436926, 0.5341223)","(0.22542953, 0.5229598, 0.55701935)","(0.21772689, 0.4932497, 0.77927315)","(0.24527594, 0.54003984, 0.64259845)","(0.22893146, 0.47541496, 0.56017107)","(0.31908268, 0.55069786, 0.79117334)","(0.3020412, 0.46604833, 0.7760961)","(0.42962584, 0.5851096, 0.36114627)","(0.43904567, 0.47026834, 0.4611088)","(0.3743605, 0.62575275, 0.4596907)","(0.5519274, 0.48033196, 0.41754726)","(0.4965545, 0.570063, 0.77550185)","(0.49714196, 0.5108156, 0.75631344)","(0.692285, 0.53172374, 0.7675195)","(0.7020718, 0.506081, 0.79682696)","(0.8453178, 0.51445425, 0.57236767)","(0.90700173, 0.47199866, 0.7475008)","(0.23710370063781738, 0.5077273994684219, 0.6013847589492798)",0.06665971130132675,"(0.28515005608399707, 0.5070384840170542, 0.7004639108975729)",0.10178762507314429
67,"(0.2350221, 0.5060111, 0.5749453)","(0.22536188, 0.52436495, 0.5974458)","(0.21855597, 0.49391043, 0.77200747)","(0.2441482, 0.54117244, 0.6289599)","(0.22943634, 0.47392473, 0.36531365)","(0.31829846, 0.5527695, 0.7778847)","(0.30156374, 0.46609017, 0.7998735)","(0.42643356, 0.5833031, 0.36814317)","(0.43154535, 0.46081775, 0.59270746)","(0.37492523, 0.619969, 0.4983107)","(0.55062675, 0.46845812, 0.52527565)","(0.5009252, 0.5691316, 0.7611583)","(0.5000639, 0.5107491, 0.78277636)","(0.69298065, 0.5319896, 0.7746917)","(0.70400107, 0.5072801, 0.80732083)","(0.84332, 0.5161697, 0.60397243)","(0.90666187, 0.47123334, 0.76027113)","(0.23679226636886597, 0.5075485855340958, 0.49713677167892456)",0.06883817911148071,"(0.28496143221855164, 0.5082902610301971, 0.7175678213437399)",0.09998262979137995
